Seed,Bracket,Start Time,Park,Field
1,Platinum,12:30,Schiel Road,1
2,Platinum,10:15,Schiel Road,1
3,Platinum,10:15,Schiel Road,2
4,Platinum,8:00,Schiel Road,1
5,Platinum,8:00,Schiel Road,1
6,Platinum,10:15,Schiel Road,2
7,Platinum,10:15,Schiel Road,1
8,Platinum,12:30,Schiel Road,1
9,Gold,14:45,Baseball USA,10
10,Gold,12:30,Baseball USA,10
11,Gold,10:15,Baseball USA,10
12,Gold,8:00,Baseball USA,10
13,Gold,8:00,Baseball USA,10
14,Gold,10:15,Baseball USA,10
15,Gold,12:30,Baseball USA,10
16,Silver,14:45,Baseball USA,11
17,Silver,12:30,Baseball USA,11
18,Silver,10:15,Baseball USA,11
19,Silver,8:00,Baseball USA,11
20,Silver,8:00,Baseball USA,11
21,Silver,10:15,Baseball USA,11
22,Silver,12:30,Baseball USA,11
23,Bronze,17:00,Schiel Road,2
24,Bronze,14:45,Schiel Road,2
25,Bronze,14:45,Schiel Road,2
26,Bronze,12:30,Schiel Road,2
27,Bronze,12:30,Schiel Road,2
