VisitorTeam,VisitorScore,HomeTeam,HomeScore
NASA United - Red,13,Texas Elite Lobos - Gold,10
Houston Bandits 9u,16,ZT Texas 9u,3
Marucci Elite Texas - Holden,5,NASA United - Red,6
Premier 9U - Shirey,2,Houston Bandits 9u,8
Texas Elite Lobos - Gold,3,Little Indios 9U,12
ZT Texas 9u,6,Scorpions Team EASTON (Houston),7
Little Indios 9U,13,Marucci Elite Texas - Holden,3
Scorpions Team EASTON (Houston),8,Premier 9U - Shirey,8
SEVEN BASEBALL ACADEMY,19,Fairfield Ducks 8U,0
LC Legends,19,Houston Bandits - Sanchez,0
DG29 Baseball Academy 8U Black,9,SEVEN BASEBALL ACADEMY,5
Diamond Kings 8U,10,LC Legends,8
Fairfield Ducks 8U,0,Houston Outlaws,15
Houston Bandits - Sanchez,4,Banditos 9U Texas,10
Houston Outlaws,5,DG29 Baseball Academy 8U Black,6
Banditos 9U Texas,2,Diamond Kings 8U,7
