,VisitorTeam,VisitorScore,HomeTeam,HomeScore
0,Blacksox,1,Banditos 2029 Groshans,10
1,USA Prime HTX - E Diaz,1,Red Dogs,11
2,Scorpions Team EASTON (BLUE),6,WBA CRUSH,2
3,USA Prime HTX - J Holiday,5,Texas Brigade - Green/Hanks,2
4,15U OFFSEASON BASEBALL - WILLIAMS,6,Blacksox,0
5,Premier Baseball 2029 Donato,16,USA Prime HTX - E Diaz,8
6,RS National,8,Scorpions Team EASTON (BLUE),2
7,Texas Brigade - Dresden/Orosey,2,USA Prime HTX - J Holiday,6
8,Banditos 2029 Groshans,,15U OFFSEASON BASEBALL - WILLIAMS,
9,Red Dogs,,Premier Baseball 2029 Donato,
10,WBA CRUSH,,ODC BATS,
11,Texas Brigade - Green/Hanks,,Premier Baseball 2029 Campos,
12,GPS Baseball,,PBA,
13,Elite Squad Gulf South 15u,,Premier National 2029,
14,Scorpions Team EASTON,,Canes Southwest - Houston,
15,Texas Impact,,Canes Southwest - Houston,
16,ODC BATS,,RS National,
17,Premier Baseball 2029 Campos,,Texas Brigade - Dresden/Orosey,
18,SOUTH COAST CREAM I,,GPS Baseball,
19,Premier Baseball 2029 Grizzell,,Elite Squad Gulf South 15u,
20,Houston Bombers - Garza,,Scorpions Team EASTON,
21,Texs Ghost,,Texas Impact,
22,PBA,,Edge Baseball - Bailey,
23,Premier National 2029,,Premier Baseball 2029 Grizzell,
24,Canes Southwest - Houston,,Houston Bombers - Garza,
25,Canes Southwest - Houston,,Texs Ghost,
26,Edge Baseball - Bailey,,SOUTH COAST CREAM I,
