,TournamentName,VisitorTeam,VisitorScore,HomeTeam,HomeScore
0,15U Battle of the Rings,Team Houston- Prep,1.0,PTX Reserves 15U,5.0
1,15U Battle of the Rings,GP31,10.0,Lonestar Baseball,11.0
2,15U Battle of the Rings,PTX Reserves 15U,19.0,Space City Heat,2.0
3,15U Battle of the Rings,4:13 Baseball,,Team Houston- Prep,
4,15U Battle of the Rings,ODC BATS,,GP31,
5,15U Battle of the Rings,Texas Brigade - Dresden/Orosey,,4:13 Baseball,
6,15U Battle of the Rings,Marucci Elite TX Ramirez,,Alamo Top Prospects (ATP) 15u Green,
7,15U Battle of the Rings,Lonestar Baseball,,KTN Athletics,
8,15U Battle of the Rings,Space City Heat,,Red Dogs,
9,15U Battle of the Rings,Principles First Red,,Marucci Elite TX Ramirez,
10,15U Battle of the Rings,Spring Branch Legends,,ODC BATS,
11,15U Battle of the Rings,Texas Lonestar Baseball,,Texas Brigade - Dresden/Orosey,
12,15U Battle of the Rings,Alamo Top Prospects (ATP) 15u Green,,Principles First Red,
13,15U Battle of the Rings,KTN Athletics,,Spring Branch Legends,
14,15U Battle of the Rings,Red Dogs,,Texas Lonestar Baseball,
15,9U Battle of the Rings,Texas Elite Lobos - Gold,2.0,Premier 9U - Shirey,18.0
16,9U Battle of the Rings,DrillBit Roughnecks 9U - Cimerhanzel,10.0,Marucci Elite Texas - Lymberopoulos,11.0
17,9U Battle of the Rings,Thunderbolts,8.0,Texas Elite Lobos - Gold,8.0
18,9U Battle of the Rings,Texas Lonestar Baseball - Navy,8.0,DrillBit Roughnecks 9U - Cimerhanzel,6.0
19,9U Battle of the Rings,Premier 9U - Shirey,,MoCo 37's,
20,9U Battle of the Rings,Marucci Elite Texas - Lymberopoulos,,SOUTH COAST CREAM X.,
21,9U Battle of the Rings,Boombah Black Sox Melo,,Thunderbolts,
22,9U Battle of the Rings,BV Warriors 9U,,Texas Lonestar Baseball - Navy,
23,9U Battle of the Rings,MoCo 37's,,Boombah Black Sox Melo,
24,9U Battle of the Rings,SOUTH COAST CREAM X.,,BV Warriors 9U,
25,9U Battle of the Rings,DrillBit Roughnecks 9U - Sadler,,Houston Aviators,
26,9U Battle of the Rings,DG29 Baseball Academy 8u Blue,,Fairfield Ducks 8U,
27,9U Battle of the Rings,Houston Aviators,,DG29 Baseball Academy 8u Blue,
28,9U Battle of the Rings,Fairfield Ducks 8U,,DrillBit Roughnecks 9U - Sadler,
